id,type,gold_num,pred_num,score,gold_signed_log10,pred_signed_log10
0,GSM_Rephrased,37.0,37.0,10,1.5797835966168101,1.5797835966168101
1,MATH_Rephrased,19.0,19.0,10,1.3010299956639813,1.3010299956639813
2,MATH_SV,8.0,8.0,10,0.9542425094393249,0.9542425094393249
3,GSM_Rephrased,39.0,39.0,10,1.6020599913279623,1.6020599913279623
4,GSM_Rephrased,440.0,440.0,10,2.6444385894678386,2.6444385894678386
5,GSM_AnsAug,90.0,90.0,10,1.9590413923210936,1.9590413923210936
6,GSM_SV,12.0,10.0,1,1.1139433523068367,1.0413926851582251
7,GSM_FOBAR,9.0,11.0,1,1.0,1.0791812460476249
8,MATH_Rephrased,60.0,60.0,10,1.7853298350107671,1.7853298350107671
9,GSM_AnsAug,5.0,5.0,10,0.7781512503836436,0.7781512503836436
10,GSM_FOBAR,1.0,1.25,1,0.3010299956639812,0.3521825181113625
11,GSM_Rephrased,3.0,3.0,10,0.6020599913279624,0.6020599913279624
12,GSM_SV,80.0,80.0,10,1.9084850188786497,1.9084850188786497
13,MATH_Rephrased,16.0,16.0,10,1.2304489213782739,1.2304489213782739
14,GSM_FOBAR,18.0,12.0,1,1.2787536009528289,1.1139433523068367
15,GSM_AnsAug,460.0,460.0,10,2.663700925389648,2.663700925389648
16,GSM_AnsAug,10.0,10.0,10,1.0413926851582251,1.0413926851582251
17,MATH_Rephrased,100.0,100.0,10,2.0043213737826426,2.0043213737826426
18,MATH_AnsAug,0.45,20.0,0,0.16136800223497488,1.3222192947339193
19,GSM_AnsAug,477.0,477.0,10,2.6794278966121188,2.6794278966121188
20,MATH_AnsAug,113.09733552923255,113.097,10,2.0572755026262532,2.05727422548242
21,GSM_Rephrased,11.0,9.0,1,1.0791812460476249,1.0
22,MATH_AnsAug,2.0,2.0,10,0.47712125471966244,0.47712125471966244
23,GSM_FOBAR,25.0,25.0,10,1.414973347970818,1.414973347970818
24,MATH_AnsAug,14.0,61.0,0,1.1760912590556813,1.792391689498254
25,MATH_Rephrased,-2.0,-2.0,10,-0.47712125471966244,-0.47712125471966244
26,MATH_AnsAug,4.0,4.0,10,0.6989700043360189,0.6989700043360189
27,GSM_FOBAR,2.0,2.0,10,0.47712125471966244,0.47712125471966244
28,GSM_AnsAug,360.0,20.0,0,2.5575072019056577,1.3222192947339193
29,GSM_FOBAR,10.0,10.0,10,1.0413926851582251,1.0413926851582251
30,MATH_SV,3.0,7.0,0,0.6020599913279624,0.9030899869919435
31,MATH_Rephrased,-1.5707963267948966,0.0,0,-0.4100676707101817,0.0
32,GSM_AnsAug,45.0,45.0,10,1.662757831681574,1.662757831681574
33,GSM_AnsAug,33.0,33.0,10,1.5314789170422551,1.5314789170422551
34,MATH_Rephrased,51.0,48.0,5,1.7160033436347992,1.6901960800285136
35,GSM_FOBAR,4.0,4.0,10,0.6989700043360189,0.6989700043360189
36,MATH_Rephrased,16.0,16.0,10,1.2304489213782739,1.2304489213782739
37,MATH_AnsAug,0.25,0.25,10,0.09691001300805642,0.09691001300805642
38,GSM_Rephrased,10.0,10.0,10,1.0413926851582251,1.0413926851582251
39,MATH_FOBAR,9.0,5.0,1,1.0,0.7781512503836436
41,MATH_Rephrased,7.0,7.0,10,0.9030899869919435,0.9030899869919435
42,MATH_Rephrased,0.3333333333333333,0.9,0,0.12493873660829993,0.2787536009528289
43,GSM_Rephrased,142.0,142.0,10,2.155336037465062,2.155336037465062
44,MATH_AnsAug,3.0,3.0,10,0.6020599913279624,0.6020599913279624
45,MATH_SV,225.0,100.0,0,2.3541084391474008,2.0043213737826426
46,GSM_FOBAR,50.0,50.0,10,1.7075701760979363,1.7075701760979363
47,GSM_SV,5.0,5.0,10,0.7781512503836436,0.7781512503836436
48,GSM_Rephrased,116.0,116.0,10,2.0681858617461617,2.0681858617461617
49,MATH_Rephrased,4.0,4.0,10,0.6989700043360189,0.6989700043360189
50,GSM_AnsAug,260.0,205.0,1,2.416640507338281,2.3138672203691533
51,MATH_AnsAug,8.0,8.0,10,0.9542425094393249,0.9542425094393249
52,GSM_SV,25.0,25.0,10,1.414973347970818,1.414973347970818
53,MATH_AnsAug,360.0,360.0,10,2.5575072019056577,2.5575072019056577
54,MATH_FOBAR,32.0,32.0,10,1.5185139398778875,1.5185139398778875
55,MATH_AnsAug,0.0,0.0,10,0.0,0.0
56,GSM_AnsAug,1200.0,1200.0,10,3.079543007402906,3.079543007402906
57,GSM_SV,60.0,10.0,0,1.7853298350107671,1.0413926851582251
58,MATH_SV,0.0,0.0,10,0.0,0.0
59,GSM_AnsAug,10.0,10.0,10,1.0413926851582251,1.0413926851582251
60,GSM_FOBAR,16.0,22.0,1,1.2304489213782739,1.3617278360175928
61,GSM_Rephrased,28.0,28.0,10,1.462397997898956,1.462397997898956
62,MATH_SV,6.0,8.0,1,0.8450980400142568,0.9542425094393249
63,GSM_AnsAug,70.0,70.0,10,1.8512583487190752,1.8512583487190752
64,GSM_FOBAR,50.0,50.0,10,1.7075701760979363,1.7075701760979363
65,GSM_FOBAR,18.0,10.0,1,1.2787536009528289,1.0413926851582251
66,GSM_AnsAug,15.0,15.0,10,1.2041199826559248,1.2041199826559248
67,GSM_Rephrased,60.0,60.0,10,1.7853298350107671,1.7853298350107671
68,MATH_AnsAug,10.0,100.0,0,1.0413926851582251,2.0043213737826426
69,MATH_AnsAug,-45.0,-45.0,10,-1.662757831681574,-1.662757831681574
70,GSM_Rephrased,50.0,50.0,10,1.7075701760979363,1.7075701760979363
71,GSM_Rephrased,123.0,123.0,10,2.093421685162235,2.093421685162235
72,GSM_FOBAR,20.0,20.0,10,1.3222192947339193,1.3222192947339193
73,GSM_Rephrased,10100.0,49.0,0,4.0043643711077515,1.6989700043360187
74,GSM_AnsAug,4.0,4.0,10,0.6989700043360189,0.6989700043360189
75,GSM_SV,3.0,3.0,10,0.6020599913279624,0.6020599913279624
76,GSM_SV,20.0,50.0,0,1.3222192947339193,1.7075701760979363
77,MATH_AnsAug,-3.0,-3.0,10,-0.6020599913279624,-0.6020599913279624
78,GSM_AnsAug,7.0,7.0,10,0.9030899869919435,0.9030899869919435
79,GSM_Rephrased,150.0,150.0,10,2.1789769472931693,2.1789769472931693
80,GSM_SV,12.0,10.0,1,1.1139433523068367,1.0413926851582251
82,GSM_Rephrased,240.0,240.0,10,2.3820170425748683,2.3820170425748683
83,GSM_FOBAR,10.0,10.0,10,1.0413926851582251,1.0413926851582251
84,GSM_Rephrased,525.0,525.0,10,2.7209857441537393,2.7209857441537393
85,MATH_SV,1.4,7.0,0,0.38021124171160603,0.9030899869919435
86,GSM_AnsAug,26.0,26.0,10,1.4313637641589874,1.4313637641589874
87,GSM_AnsAug,36.0,36.0,10,1.568201724066995,1.568201724066995
88,MATH_Rephrased,9.0,9.0,10,1.0,1.0
89,MATH_AnsAug,20.0,20.0,10,1.3222192947339193,1.3222192947339193
90,MATH_Rephrased,35.0,35.0,10,1.5563025007672873,1.5563025007672873
91,GSM_Rephrased,396.0,396.0,10,2.598790506763115,2.598790506763115
92,GSM_Rephrased,100.0,100.0,10,2.0043213737826426,2.0043213737826426
93,MATH_AnsAug,31.0,31.0,10,1.505149978319906,1.505149978319906
94,MATH_Rephrased,5.25,5.25,10,0.7958800173440752,0.7958800173440752
95,GSM_Rephrased,75.0,75.0,10,1.8808135922807914,1.8808135922807914
96,GSM_SV,80.0,100.0,1,1.9084850188786497,2.0043213737826426
97,GSM_Rephrased,168.0,168.0,10,2.2278867046136734,2.2278867046136734
98,GSM_FOBAR,50.0,50.0,10,1.7075701760979363,1.7075701760979363
99,MATH_AnsAug,2.0,2.0,10,0.47712125471966244,0.47712125471966244
100,GSM_Rephrased,36.0,36.0,10,1.568201724066995,1.568201724066995
101,MATH_Rephrased,20.0,20.0,10,1.3222192947339193,1.3222192947339193
102,MATH_AnsAug,0.43434343434343436,0.434343,10,0.15665314978550654,0.1566530182737773
103,GSM_AnsAug,3000.0,3000.0,10,3.477265995424853,3.477265995424853
104,MATH_AnsAug,-1.5,0.75,0,-0.3979400086720376,0.24303804868629444
105,GSM_FOBAR,6.0,4.0,1,0.8450980400142568,0.6989700043360189
106,GSM_AnsAug,48.0,48.0,10,1.6901960800285136,1.6901960800285136
107,GSM_SV,2.0,2.0,10,0.47712125471966244,0.47712125471966244
108,GSM_Rephrased,22.0,22.0,10,1.3617278360175928,1.3617278360175928
109,GSM_SV,14.0,13.0,5,1.1760912590556813,1.146128035678238
110,MATH_Rephrased,30.0,30.0,10,1.4913616938342726,1.4913616938342726
111,GSM_Rephrased,9.0,9.0,10,1.0,1.0
112,GSM_AnsAug,600.0,600.0,10,2.7788744720027396,2.7788744720027396
113,GSM_AnsAug,7.0,7.0,10,0.9030899869919435,0.9030899869919435
114,MATH_AnsAug,10.0,10.0,10,1.0413926851582251,1.0413926851582251
115,GSM_Rephrased,5.0,5.0,10,0.7781512503836436,0.7781512503836436
116,MATH_Rephrased,7.0,7.0,10,0.9030899869919435,0.9030899869919435
117,MATH_AnsAug,-1.0,-1.0,10,-0.3010299956639812,-0.3010299956639812
118,GSM_Rephrased,270.0,270.0,10,2.432969290874406,2.432969290874406
119,GSM_FOBAR,10.0,2.0,0,1.0413926851582251,0.47712125471966244
120,GSM_Rephrased,18.0,18.0,10,1.2787536009528289,1.2787536009528289
121,GSM_AnsAug,56.0,6.0,0,1.7558748556724915,0.8450980400142568
122,GSM_Rephrased,48.0,48.0,10,1.6901960800285136,1.6901960800285136
123,MATH_AnsAug,0.8,0.8,10,0.25527250510330607,0.25527250510330607
124,MATH_SV,15.0,11.0,1,1.2041199826559248,1.0791812460476249
125,MATH_SV,1.0,4.0,0,0.3010299956639812,0.6989700043360189
126,GSM_Rephrased,20.0,20.0,10,1.3222192947339193,1.3222192947339193
127,GSM_Rephrased,8.0,8.0,10,0.9542425094393249,0.9542425094393249
128,GSM_AnsAug,83.0,83.0,10,1.9242792860618816,1.9242792860618816
129,MATH_SV,10.0,19.0,0,1.0413926851582251,1.3010299956639813
130,GSM_AnsAug,54.0,54.0,10,1.7403626894942439,1.7403626894942439
131,GSM_AnsAug,62.0,62.0,10,1.7993405494535817,1.7993405494535817
132,MATH_AnsAug,6.0,6.0,10,0.8450980400142568,0.8450980400142568
133,GSM_AnsAug,60.0,60.0,10,1.7853298350107671,1.7853298350107671
134,GSM_AnsAug,30.0,8.0,0,1.4913616938342726,0.9542425094393249
135,GSM_Rephrased,9000.0,9000.0,10,3.954290761701127,3.954290761701127
136,GSM_AnsAug,770.0,770.0,10,2.8870543780509568,2.8870543780509568
137,GSM_AnsAug,34.0,34.0,10,1.5440680443502757,1.5440680443502757
138,GSM_AnsAug,21.0,21.0,10,1.3424226808222062,1.3424226808222062
139,MATH_AnsAug,8.0,8.0,10,0.9542425094393249,0.9542425094393249
140,MATH_AnsAug,5.0,5.0,10,0.7781512503836436,0.7781512503836436
141,GSM_Rephrased,4.0,4.0,10,0.6989700043360189,0.6989700043360189
142,GSM_SV,5.0,5.0,10,0.7781512503836436,0.7781512503836436
143,MATH_AnsAug,-2.0,-2.0,10,-0.47712125471966244,-0.47712125471966244
144,GSM_AnsAug,216.0,216.0,10,2.3364597338485296,2.3364597338485296
145,MATH_AnsAug,11.0,11.0,10,1.0791812460476249,1.0791812460476249
146,MATH_AnsAug,3.0,3.0,10,0.6020599913279624,0.6020599913279624
147,GSM_AnsAug,10.0,5000.0,0,1.0413926851582251,3.699056854547668
148,MATH_SV,12.0,12.0,10,1.1139433523068367,1.1139433523068367
149,GSM_FOBAR,50.0,50.0,10,1.7075701760979363,1.7075701760979363
150,GSM_Rephrased,21.0,21.0,10,1.3424226808222062,1.3424226808222062
151,MATH_AnsAug,10.0,10.0,10,1.0413926851582251,1.0413926851582251
152,MATH_FOBAR,99.0,25.0,0,2.0,1.414973347970818
153,MATH_Rephrased,2.0,2.0,10,0.47712125471966244,0.47712125471966244
154,GSM_Rephrased,65.0,65.0,10,1.8195439355418688,1.8195439355418688
155,GSM_Rephrased,157.0,157.0,10,2.1986570869544226,2.1986570869544226
156,MATH_AnsAug,1.0,1.0,10,0.3010299956639812,0.3010299956639812
157,GSM_AnsAug,250.0,250.0,10,2.399673721481038,2.399673721481038
158,GSM_SV,20.0,20.0,10,1.3222192947339193,1.3222192947339193
159,GSM_FOBAR,4.0,16.0,0,0.6989700043360189,1.2304489213782739
160,MATH_Rephrased,3.0,3.0,10,0.6020599913279624,0.6020599913279624
161,MATH_Rephrased,75.0,75.0,10,1.8808135922807914,1.8808135922807914
162,MATH_AnsAug,100.0,100.0,10,2.0043213737826426,2.0043213737826426
163,MATH_Rephrased,3.5,3.5,10,0.6532125137753437,0.6532125137753437
164,MATH_AnsAug,15.0,15.0,10,1.2041199826559248,1.2041199826559248
165,GSM_FOBAR,28.0,50.0,0,1.462397997898956,1.7075701760979363
166,GSM_AnsAug,10.0,14.0,1,1.0413926851582251,1.1760912590556813
167,GSM_FOBAR,28.0,25.0,1,1.462397997898956,1.414973347970818
168,GSM_FOBAR,510.0,900.0,0,2.708420900134713,2.954724790979063
169,MATH_Rephrased,16.0,16.0,10,1.2304489213782739,1.2304489213782739
170,GSM_AnsAug,58.0,58.0,10,1.7708520116421442,1.7708520116421442
171,MATH_FOBAR,1.0,1.0,10,0.3010299956639812,0.3010299956639812
172,MATH_AnsAug,33.0,4.0,0,1.5314789170422551,0.6989700043360189
173,GSM_Rephrased,4.0,4.0,10,0.6989700043360189,0.6989700043360189
174,GSM_SV,18.0,16.0,1,1.2787536009528289,1.2304489213782739
175,MATH_Rephrased,8.0,8.0,10,0.9542425094393249,0.9542425094393249
176,MATH_SV,0.0,5.0,0,0.0,0.7781512503836436
177,GSM_Rephrased,33.0,20.0,1,1.5314789170422551,1.3222192947339193
178,GSM_Rephrased,1800.0,1800.0,10,3.2555137128195333,3.2555137128195333
179,GSM_Rephrased,20.0,20.0,10,1.3222192947339193,1.3222192947339193
180,GSM_SV,15.0,3.0,0,1.2041199826559248,0.6020599913279624
181,GSM_FOBAR,26.0,85.0,0,1.4313637641589874,1.9344984512435677
182,GSM_SV,10.0,2.0,0,1.0413926851582251,0.47712125471966244
183,GSM_Rephrased,10.0,10.0,10,1.0413926851582251,1.0413926851582251
184,GSM_Rephrased,10.0,10.0,10,1.0413926851582251,1.0413926851582251
185,GSM_FOBAR,2.0,2.0,10,0.47712125471966244,0.47712125471966244
186,MATH_Rephrased,0.323,0.323,10,0.12155984418750096,0.12155984418750096
188,MATH_AnsAug,59049.0,59049.0,10,4.771219901949534,4.771219901949534
189,MATH_SV,1.0,0.0,0,0.3010299956639812,0.0
190,GSM_SV,15.0,15.0,10,1.2041199826559248,1.2041199826559248
191,GSM_SV,60.0,200.0,0,1.7853298350107671,2.303196057420489
192,MATH_SV,1.0,1.0,10,0.3010299956639812,0.3010299956639812
193,GSM_FOBAR,3.0,2.0,1,0.6020599913279624,0.47712125471966244
194,GSM_Rephrased,140.0,140.0,10,2.1492191126553797,2.1492191126553797
195,MATH_AnsAug,120.0,120.0,10,2.0827853703164503,2.0827853703164503
196,MATH_AnsAug,1.0,1.0,10,0.3010299956639812,0.3010299956639812
197,MATH_Rephrased,30.0,30.0,10,1.4913616938342726,1.4913616938342726
198,MATH_Rephrased,100.0,100.0,10,2.0043213737826426,2.0043213737826426
199,GSM_AnsAug,28.0,28.0,10,1.462397997898956,1.462397997898956
200,GSM_Rephrased,20.0,20.0,10,1.3222192947339193,1.3222192947339193
201,GSM_Rephrased,88.0,88.0,10,1.9493900066449128,1.9493900066449128
202,GSM_Rephrased,12.0,12.0,10,1.1139433523068367,1.1139433523068367
203,GSM_SV,2.0,2.0,10,0.47712125471966244,0.47712125471966244
204,GSM_AnsAug,21.0,3.0,0,1.3424226808222062,0.6020599913279624
205,MATH_SV,1.0,0.0,0,0.3010299956639812,0.0
206,GSM_AnsAug,410.0,410.0,10,2.6138418218760693,2.6138418218760693
207,GSM_Rephrased,2000.0,2000.0,10,3.3012470886362113,3.3012470886362113
208,GSM_AnsAug,15.0,36.0,0,1.2041199826559248,1.568201724066995
209,GSM_Rephrased,75.0,75.0,10,1.8808135922807914,1.8808135922807914
210,GSM_AnsAug,6.0,50.0,0,0.8450980400142568,1.7075701760979363
211,GSM_Rephrased,480.0,480.0,10,2.682145076373832,2.682145076373832
212,MATH_FOBAR,5.0,5.0,10,0.7781512503836436,0.7781512503836436
213,GSM_AnsAug,10.0,10.0,10,1.0413926851582251,1.0413926851582251
214,MATH_AnsAug,4.0,12.0,0,0.6989700043360189,1.1139433523068367
215,GSM_Rephrased,108.0,108.0,10,2.037426497940624,2.037426497940624
216,GSM_Rephrased,17.0,17.0,10,1.255272505103306,1.255272505103306
217,MATH_Rephrased,204.0,204.0,10,2.311753861055754,2.311753861055754
218,MATH_AnsAug,4.0,3.0,1,0.6989700043360189,0.6020599913279624
219,GSM_FOBAR,65.0,75.0,1,1.8195439355418688,1.8808135922807914
220,GSM_Rephrased,15.0,15.0,10,1.2041199826559248,1.2041199826559248
221,MATH_Rephrased,12000.0,12000.0,10,4.079217435746567,4.079217435746567
222,GSM_FOBAR,50.0,50.0,10,1.7075701760979363,1.7075701760979363
223,GSM_AnsAug,105.0,105.0,10,2.0253058652647704,2.0253058652647704
224,GSM_AnsAug,2.0,2.0,10,0.47712125471966244,0.47712125471966244
225,MATH_SV,1.0,1.0,10,0.3010299956639812,0.3010299956639812
226,GSM_Rephrased,46.0,46.0,10,1.6720978579357175,1.6720978579357175
227,GSM_Rephrased,120.0,120.0,10,2.0827853703164503,2.0827853703164503
228,MATH_FOBAR,4.0,2.0,1,0.6989700043360189,0.47712125471966244
229,MATH_AnsAug,25.0,25.0,10,1.414973347970818,1.414973347970818
230,MATH_SV,5.0,7.0,1,0.7781512503836436,0.9030899869919435
231,MATH_AnsAug,0.75,20.0,0,0.24303804868629444,1.3222192947339193
232,MATH_AnsAug,1.0,1.0,10,0.3010299956639812,0.3010299956639812
233,MATH_AnsAug,13.0,13.0,10,1.146128035678238,1.146128035678238
234,MATH_AnsAug,1.0,1.0,10,0.3010299956639812,0.3010299956639812
235,GSM_Rephrased,360.0,360.0,10,2.5575072019056577,2.5575072019056577
236,GSM_AnsAug,6.0,6.0,10,0.8450980400142568,0.8450980400142568
237,GSM_Rephrased,5.0,5.0,10,0.7781512503836436,0.7781512503836436
238,MATH_Rephrased,8.94427190999916,8.94427,10,0.9975729908747104,0.9975729074596367
239,MATH_Rephrased,6.0,6.0,10,0.8450980400142568,0.8450980400142568
240,MATH_SV,1.0,0.0,0,0.3010299956639812,0.0
241,MATH_AnsAug,36.0,36.0,10,1.568201724066995,1.568201724066995
242,MATH_Rephrased,0.0,0.0,10,0.0,0.0
243,GSM_AnsAug,72.0,5.0,0,1.863322860120456,0.7781512503836436
244,MATH_AnsAug,-3.0,-3.0,10,-0.6020599913279624,-0.6020599913279624
246,MATH_SV,60.0,36.0,1,1.7853298350107671,1.568201724066995
247,GSM_AnsAug,8.0,8.0,10,0.9542425094393249,0.9542425094393249
248,MATH_AnsAug,119.0,119.0,10,2.0791812460476247,2.0791812460476247
249,GSM_FOBAR,5.0,10.0,0,0.7781512503836436,1.0413926851582251
250,GSM_AnsAug,75.0,75.0,10,1.8808135922807914,1.8808135922807914
251,MATH_FOBAR,169.0,169.0,10,2.230448921378274,2.230448921378274
252,GSM_SV,1.0,5.0,0,0.3010299956639812,0.7781512503836436
253,GSM_SV,3.0,3.0,10,0.6020599913279624,0.6020599913279624
254,GSM_SV,6.0,4.0,1,0.8450980400142568,0.6989700043360189
255,GSM_AnsAug,6.0,6.0,10,0.8450980400142568,0.8450980400142568
256,GSM_FOBAR,3.0,5.0,0,0.6020599913279624,0.7781512503836436
257,GSM_AnsAug,4.0,4.0,10,0.6989700043360189,0.6989700043360189
258,MATH_FOBAR,2.0,4.0,0,0.47712125471966244,0.6989700043360189
259,GSM_AnsAug,157.0,74.0,0,2.1986570869544226,1.8750612633917
260,GSM_FOBAR,5.0,3.0,1,0.7781512503836436,0.6020599913279624
261,GSM_Rephrased,16.0,16.0,10,1.2304489213782739,1.2304489213782739
262,GSM_AnsAug,620.0,620.0,10,2.79309160017658,2.79309160017658
263,GSM_AnsAug,9.0,9.0,10,1.0,1.0
264,GSM_Rephrased,64.0,64.0,10,1.8129133566428555,1.8129133566428555
265,MATH_Rephrased,28.0,28.0,10,1.462397997898956,1.462397997898956
266,MATH_AnsAug,0.5904,0.75,1,0.2015063670532381,0.24303804868629444
267,MATH_SV,10.0,199.0,0,1.0413926851582251,2.3010299956639813
268,GSM_SV,5.0,10.0,0,0.7781512503836436,1.0413926851582251
269,MATH_Rephrased,6.708203932499369,6.7082,10,0.8869531960700217,0.8869529745056692
270,MATH_AnsAug,1.7320508075688772,1.73205,10,0.4364887715986703,0.43648864322523084
271,MATH_AnsAug,0.0,0.0,10,0.0,0.0
272,MATH_Rephrased,729.0,729.0,10,2.863322860120456,2.863322860120456
273,GSM_Rephrased,240.0,240.0,10,2.3820170425748683,2.3820170425748683
274,GSM_FOBAR,5.0,3.0,1,0.7781512503836436,0.6020599913279624
275,GSM_SV,7.0,2.0,0,0.9030899869919435,0.47712125471966244
276,GSM_AnsAug,31.0,31.0,10,1.505149978319906,1.505149978319906
277,MATH_SV,9.0,9.0,10,1.0,1.0
278,MATH_FOBAR,3.0,5.0,0,0.6020599913279624,0.7781512503836436
279,GSM_AnsAug,54.0,4.0,0,1.7403626894942439,0.6989700043360189
280,MATH_AnsAug,28.0,28.0,10,1.462397997898956,1.462397997898956
281,GSM_Rephrased,24.0,24.0,10,1.3979400086720377,1.3979400086720377
282,GSM_FOBAR,2.0,1.0,1,0.47712125471966244,0.3010299956639812
283,GSM_Rephrased,80.0,80.0,10,1.9084850188786497,1.9084850188786497
284,GSM_Rephrased,255.0,255.0,10,2.4082399653118496,2.4082399653118496
285,GSM_Rephrased,900.0,900.0,10,2.954724790979063,2.954724790979063
286,GSM_AnsAug,12.0,12.0,10,1.1139433523068367,1.1139433523068367
287,GSM_Rephrased,270.0,270.0,10,2.432969290874406,2.432969290874406
288,MATH_AnsAug,16.0,16.0,10,1.2304489213782739,1.2304489213782739
289,GSM_AnsAug,25.0,25.0,10,1.414973347970818,1.414973347970818
290,GSM_FOBAR,4.0,12.0,0,0.6989700043360189,1.1139433523068367
291,GSM_FOBAR,8.0,200.0,0,0.9542425094393249,2.303196057420489
292,MATH_Rephrased,2.5,2.5,10,0.5440680443502757,0.5440680443502757
293,GSM_AnsAug,15.0,15.0,10,1.2041199826559248,1.2041199826559248
294,GSM_Rephrased,240.0,240.0,10,2.3820170425748683,2.3820170425748683
295,MATH_Rephrased,150.0,150.0,10,2.1789769472931693,2.1789769472931693
296,GSM_FOBAR,5.0,5.0,10,0.7781512503836436,0.7781512503836436
297,GSM_FOBAR,200.0,200.0,10,2.303196057420489,2.303196057420489
298,GSM_AnsAug,160.0,12.0,0,2.2068258760318495,1.1139433523068367
299,MATH_Rephrased,3.0,3.0,10,0.6020599913279624,0.6020599913279624
300,GSM_AnsAug,6.0,14.0,0,0.8450980400142568,1.1760912590556813
301,GSM_SV,8.0,8.0,10,0.9542425094393249,0.9542425094393249
302,GSM_AnsAug,18.0,50.0,0,1.2787536009528289,1.7075701760979363
303,GSM_Rephrased,5.0,5.0,10,0.7781512503836436,0.7781512503836436
304,MATH_Rephrased,252.0,252.0,10,2.403120521175818,2.403120521175818
305,GSM_FOBAR,3.0,3.0,10,0.6020599913279624,0.6020599913279624
306,MATH_AnsAug,-1.5707963267948966,0.785398,0,-0.4100676707101817,0.2517350439421269
307,MATH_AnsAug,3.0,3.0,10,0.6020599913279624,0.6020599913279624
308,GSM_AnsAug,40.0,40.0,10,1.6127838567197355,1.6127838567197355
309,GSM_SV,30.0,30.0,10,1.4913616938342726,1.4913616938342726
310,GSM_AnsAug,28.0,28.0,10,1.462397997898956,1.462397997898956
311,MATH_AnsAug,8.75,0.75,0,0.9890046156985368,0.24303804868629444
312,GSM_FOBAR,4.0,3.0,1,0.6989700043360189,0.6020599913279624
313,GSM_Rephrased,45.0,45.0,10,1.662757831681574,1.662757831681574
314,GSM_Rephrased,65.0,65.0,10,1.8195439355418688,1.8195439355418688
315,GSM_AnsAug,216.0,30.0,0,2.3364597338485296,1.4913616938342726
316,MATH_Rephrased,18.84955592153876,18.8496,10,1.2977507950798597,1.2977517594848724
317,GSM_FOBAR,2.0,4.0,0,0.47712125471966244,0.6989700043360189
318,MATH_SV,8.0,13.0,0,0.9542425094393249,1.146128035678238
319,MATH_AnsAug,10.0,10.0,10,1.0413926851582251,1.0413926851582251
320,GSM_AnsAug,48000.0,48000.0,10,4.681250285083047,4.681250285083047
322,GSM_AnsAug,90.0,300.0,0,1.9590413923210936,2.4785664955938436
323,GSM_Rephrased,65.0,65.0,10,1.8195439355418688,1.8195439355418688
324,MATH_Rephrased,8.0,8.0,10,0.9542425094393249,0.9542425094393249
325,MATH_AnsAug,0.6666666666666666,0.666667,10,0.22184874961635634,0.22184883647524403
326,GSM_SV,1.0,1.0,10,0.3010299956639812,0.3010299956639812
327,GSM_Rephrased,480.0,360.0,1,2.682145076373832,2.5575072019056577
328,GSM_Rephrased,26.0,26.0,10,1.4313637641589874,1.4313637641589874
329,GSM_Rephrased,96.0,96.0,10,1.9867717342662448,1.9867717342662448
330,MATH_Rephrased,10.0,10.0,10,1.0413926851582251,1.0413926851582251
331,MATH_Rephrased,17.0,17.0,10,1.255272505103306,1.255272505103306
332,GSM_AnsAug,25.0,25.0,10,1.414973347970818,1.414973347970818
333,MATH_AnsAug,23.0,23.0,10,1.380211241711606,1.380211241711606
334,MATH_AnsAug,11.0,11.0,10,1.0791812460476249,1.0791812460476249
335,GSM_FOBAR,7.0,30.0,0,0.9030899869919435,1.4913616938342726
336,GSM_Rephrased,140.0,140.0,10,2.1492191126553797,2.1492191126553797
337,GSM_AnsAug,50.0,35.0,1,1.7075701760979363,1.5563025007672873
338,GSM_Rephrased,177.0,177.0,10,2.250420002308894,2.250420002308894
339,GSM_AnsAug,70.0,15.0,0,1.8512583487190752,1.2041199826559248
340,GSM_AnsAug,36.0,36.0,10,1.568201724066995,1.568201724066995
341,GSM_AnsAug,240.0,62.0,0,2.3820170425748683,1.7993405494535817
342,MATH_Rephrased,26.0,26.0,10,1.4313637641589874,1.4313637641589874
343,GSM_FOBAR,14.0,4.0,0,1.1760912590556813,0.6989700043360189
344,MATH_Rephrased,3.0,3.0,10,0.6020599913279624,0.6020599913279624
345,GSM_SV,2.2,2.2,10,0.505149978319906,0.505149978319906
346,GSM_Rephrased,25.0,25.0,10,1.414973347970818,1.414973347970818
347,MATH_AnsAug,2.5,2.5,10,0.5440680443502757,0.5440680443502757
348,GSM_AnsAug,10.0,2.0,0,1.0413926851582251,0.47712125471966244
349,GSM_Rephrased,33.0,33.0,10,1.5314789170422551,1.5314789170422551
350,MATH_AnsAug,176.0,176.0,10,2.247973266361807,2.247973266361807
351,GSM_SV,200.0,200.0,10,2.303196057420489,2.303196057420489
352,GSM_AnsAug,384.0,384.0,10,2.5854607295085006,2.5854607295085006
353,GSM_FOBAR,4.0,6.0,1,0.6989700043360189,0.8450980400142568
354,MATH_AnsAug,4.0,4.0,10,0.6989700043360189,0.6989700043360189
356,GSM_AnsAug,20.0,20.0,10,1.3222192947339193,1.3222192947339193
357,MATH_Rephrased,0.0,0.0,10,0.0,0.0
358,GSM_FOBAR,4.0,4.0,10,0.6989700043360189,0.6989700043360189
359,MATH_AnsAug,1300.0,1300.0,10,3.1142772965615864,3.1142772965615864
360,MATH_AnsAug,0.3125,0.444444,1,0.11809931207799448,0.15970070923842
361,GSM_AnsAug,3500.0,3500.0,10,3.5441921107650325,3.5441921107650325
362,GSM_AnsAug,88.0,88.0,10,1.9493900066449128,1.9493900066449128
363,GSM_SV,4.0,9.0,0,0.6989700043360189,1.0
364,MATH_AnsAug,0.25,0.25,10,0.09691001300805642,0.09691001300805642
365,MATH_Rephrased,176.0,176.0,10,2.247973266361807,2.247973266361807
366,GSM_Rephrased,55.0,55.0,10,1.7481880270062005,1.7481880270062005
367,GSM_AnsAug,5.0,5.0,10,0.7781512503836436,0.7781512503836436
368,GSM_FOBAR,2.0,100.0,0,0.47712125471966244,2.0043213737826426
369,GSM_SV,3.0,3.0,10,0.6020599913279624,0.6020599913279624
370,GSM_SV,2.0,2.0,10,0.47712125471966244,0.47712125471966244
371,GSM_Rephrased,360.0,360.0,10,2.5575072019056577,2.5575072019056577
372,GSM_SV,3.0,3.0,10,0.6020599913279624,0.6020599913279624
373,GSM_FOBAR,30.0,20.0,1,1.4913616938342726,1.3222192947339193
374,GSM_Rephrased,1555.0,1555.0,10,3.1920095926536702,3.1920095926536702
375,GSM_Rephrased,3000.0,3000.0,10,3.477265995424853,3.477265995424853
376,GSM_FOBAR,1.2,50.0,0,0.3424226808222063,1.7075701760979363
377,GSM_FOBAR,80.0,150.0,0,1.9084850188786497,2.1789769472931693
378,MATH_AnsAug,10.0,10.0,10,1.0413926851582251,1.0413926851582251
379,GSM_FOBAR,8.0,75.0,0,0.9542425094393249,1.8808135922807914
380,GSM_AnsAug,5.0,2.0,0,0.7781512503836436,0.47712125471966244
381,GSM_Rephrased,1.0,1.0,10,0.3010299956639812,0.3010299956639812
382,GSM_SV,9000.0,18000.0,0,3.954290761701127,4.25529663190434
383,GSM_AnsAug,9.0,9.0,10,1.0,1.0
384,GSM_Rephrased,775.0,775.0,10,2.8898617212581885,2.8898617212581885
385,MATH_AnsAug,15.0,15.0,10,1.2041199826559248,1.2041199826559248
386,MATH_FOBAR,5.0,7.0,1,0.7781512503836436,0.9030899869919435
387,GSM_Rephrased,480.0,360.0,1,2.682145076373832,2.5575072019056577
388,GSM_AnsAug,14.0,2.5,0,1.1760912590556813,0.5440680443502757
389,GSM_Rephrased,22.0,22.0,10,1.3617278360175928,1.3617278360175928
390,GSM_Rephrased,80.0,80.0,10,1.9084850188786497,1.9084850188786497
391,GSM_FOBAR,6.0,2.5,0,0.8450980400142568,0.5440680443502757
392,GSM_AnsAug,30.0,30.0,10,1.4913616938342726,1.4913616938342726
393,MATH_AnsAug,39.0,39.0,10,1.6020599913279623,1.6020599913279623
394,GSM_FOBAR,4000.0,20000.0,0,3.6021685513789974,4.301051709845226
395,GSM_Rephrased,72.0,72.0,10,1.863322860120456,1.863322860120456
396,MATH_AnsAug,900.0,900.0,10,2.954724790979063,2.954724790979063
397,GSM_AnsAug,360.0,360.0,10,2.5575072019056577,2.5575072019056577
398,GSM_FOBAR,40.0,15.0,0,1.6127838567197355,1.2041199826559248
399,MATH_Rephrased,70.0,70.0,10,1.8512583487190752,1.8512583487190752
400,GSM_FOBAR,6.0,8.0,1,0.8450980400142568,0.9542425094393249
401,GSM_SV,15.0,2.0,0,1.2041199826559248,0.47712125471966244
402,GSM_AnsAug,25.0,50.0,0,1.414973347970818,1.7075701760979363
403,MATH_Rephrased,14.0,14.0,10,1.1760912590556813,1.1760912590556813
404,GSM_SV,3.0,2.0,1,0.6020599913279624,0.47712125471966244
405,GSM_AnsAug,124.0,50.0,0,2.0969100130080562,1.7075701760979363
406,GSM_AnsAug,4.0,4.0,10,0.6989700043360189,0.6989700043360189
407,MATH_AnsAug,-1.0,-1.0,10,-0.3010299956639812,-0.3010299956639812
408,GSM_SV,3.0,5.0,0,0.6020599913279624,0.7781512503836436
409,GSM_AnsAug,19.0,19.0,10,1.3010299956639813,1.3010299956639813
410,MATH_AnsAug,60.0,60.0,10,1.7853298350107671,1.7853298350107671
411,MATH_Rephrased,23.0,23.0,10,1.380211241711606,1.380211241711606
412,GSM_FOBAR,5.0,8.0,0,0.7781512503836436,0.9542425094393249
413,GSM_FOBAR,2.0,5.0,0,0.47712125471966244,0.7781512503836436
414,GSM_Rephrased,32.0,32.0,10,1.5185139398778875,1.5185139398778875
415,GSM_AnsAug,6.0,60.0,0,0.8450980400142568,1.7853298350107671
416,GSM_SV,6.0,1.0,0,0.8450980400142568,0.3010299956639812
417,GSM_FOBAR,200.0,3.0,0,2.303196057420489,0.6020599913279624
418,MATH_FOBAR,9.0,7.0,1,1.0,0.9030899869919435
419,GSM_FOBAR,7.0,5.0,1,0.9030899869919435,0.7781512503836436
420,MATH_FOBAR,36.0,12.0,0,1.568201724066995,1.1139433523068367
421,MATH_AnsAug,251.6,251.6,10,2.402433346219312,2.402433346219312
422,GSM_AnsAug,4.0,4.0,10,0.6989700043360189,0.6989700043360189
423,GSM_AnsAug,115.0,115.0,10,2.0644579892269186,2.0644579892269186
424,MATH_AnsAug,6.0,6.0,10,0.8450980400142568,0.8450980400142568
426,GSM_AnsAug,60.0,60.0,10,1.7853298350107671,1.7853298350107671
427,GSM_Rephrased,56.0,56.0,10,1.7558748556724915,1.7558748556724915
428,MATH_FOBAR,29.0,7.0,0,1.4771212547196624,0.9030899869919435
429,GSM_Rephrased,13.0,13.0,10,1.146128035678238,1.146128035678238
430,GSM_AnsAug,36.0,4.0,0,1.568201724066995,0.6989700043360189
431,MATH_AnsAug,3.0,3.0,10,0.6020599913279624,0.6020599913279624
432,MATH_AnsAug,23.0,23.0,10,1.380211241711606,1.380211241711606
433,MATH_SV,5.0,23.0,0,0.7781512503836436,1.380211241711606
434,GSM_AnsAug,26.0,8.0,0,1.4313637641589874,0.9542425094393249
435,GSM_Rephrased,34.0,34.0,10,1.5440680443502757,1.5440680443502757
436,MATH_FOBAR,4.0,4.0,10,0.6989700043360189,0.6989700043360189
437,MATH_Rephrased,0.5555555555555556,0.555556,10,0.19188552623891317,0.19188565032303315
438,GSM_Rephrased,110.0,110.0,10,2.0453229787866576,2.0453229787866576
439,GSM_FOBAR,2.0,400.0,0,0.47712125471966244,2.603144372620182
440,GSM_FOBAR,4.0,4.0,10,0.6989700043360189,0.6989700043360189
441,GSM_FOBAR,4.0,6.0,1,0.6989700043360189,0.8450980400142568
442,MATH_Rephrased,3.0,3.0,10,0.6020599913279624,0.6020599913279624
443,GSM_AnsAug,64.0,64.0,10,1.8129133566428555,1.8129133566428555
444,MATH_AnsAug,2160.0,2160.0,10,3.3346547668832414,3.3346547668832414
445,GSM_AnsAug,900.0,900.0,10,2.954724790979063,2.954724790979063
446,GSM_Rephrased,88.0,88.0,10,1.9493900066449128,1.9493900066449128
447,GSM_SV,60.0,600.0,0,1.7853298350107671,2.7788744720027396
448,GSM_Rephrased,14.0,14.0,10,1.1760912590556813,1.1760912590556813
449,GSM_Rephrased,8.0,8.0,10,0.9542425094393249,0.9542425094393249
450,MATH_AnsAug,13.0,13.0,10,1.146128035678238,1.146128035678238
451,MATH_AnsAug,-6.0,-6.0,10,-0.8450980400142568,-0.8450980400142568
452,GSM_AnsAug,364.0,364.0,10,2.5622928644564746,2.5622928644564746
453,MATH_FOBAR,3.0,5.0,0,0.6020599913279624,0.7781512503836436
454,MATH_FOBAR,3.0,1.0,0,0.6020599913279624,0.3010299956639812
455,GSM_AnsAug,850.0,850.0,10,2.929929560084588,2.929929560084588
456,GSM_AnsAug,180.0,180.0,10,2.2576785748691846,2.2576785748691846
457,GSM_SV,10.0,10.0,10,1.0413926851582251,1.0413926851582251
458,GSM_AnsAug,9.0,9.0,10,1.0,1.0
459,GSM_AnsAug,720.0,720.0,10,2.857935264719429,2.857935264719429
460,GSM_Rephrased,50.0,50.0,10,1.7075701760979363,1.7075701760979363
461,MATH_AnsAug,2652.0,1452.0,1,3.423737249982329,3.1622656142980214
462,MATH_AnsAug,7.0,7.0,10,0.9030899869919435,0.9030899869919435
463,GSM_AnsAug,5.0,5.0,10,0.7781512503836436,0.7781512503836436
464,MATH_SV,27.0,6.0,0,1.4471580313422192,0.8450980400142568
465,MATH_SV,4.0,2.0,1,0.6989700043360189,0.47712125471966244
466,MATH_Rephrased,18.0,18.0,10,1.2787536009528289,1.2787536009528289
467,MATH_FOBAR,20.0,15.0,1,1.3222192947339193,1.2041199826559248
468,GSM_FOBAR,1.0,4.0,0,0.3010299956639812,0.6989700043360189
469,MATH_AnsAug,8.0,3.0,0,0.9542425094393249,0.6020599913279624
470,MATH_AnsAug,-7.0,-7.0,10,-0.9030899869919435,-0.9030899869919435
472,MATH_AnsAug,9.0,3.0,0,1.0,0.6020599913279624
473,MATH_Rephrased,3.0,3.0,10,0.6020599913279624,0.6020599913279624
474,GSM_FOBAR,10.0,10.0,10,1.0413926851582251,1.0413926851582251
475,GSM_AnsAug,5.0,5.0,10,0.7781512503836436,0.7781512503836436
476,GSM_AnsAug,135.0,135.0,10,2.1335389083702174,2.1335389083702174
477,GSM_FOBAR,2.0,2.0,10,0.47712125471966244,0.47712125471966244
478,GSM_AnsAug,400.0,400.0,10,2.603144372620182,2.603144372620182
479,GSM_FOBAR,672.0,56.0,0,2.828015064223977,1.7558748556724915
480,GSM_Rephrased,100.0,30.0,0,2.0043213737826426,1.4913616938342726
481,GSM_Rephrased,6.0,6.0,10,0.8450980400142568,0.8450980400142568
482,GSM_Rephrased,72.0,72.0,10,1.863322860120456,1.863322860120456
483,GSM_Rephrased,840.0,840.0,10,2.924795995797912,2.924795995797912
484,GSM_Rephrased,4.0,8.0,0,0.6989700043360189,0.9542425094393249
486,MATH_SV,12.0,6.0,1,1.1139433523068367,0.8450980400142568
487,GSM_Rephrased,1555.0,1555.0,10,3.1920095926536702,3.1920095926536702
488,MATH_SV,119.0,119.0,10,2.0791812460476247,2.0791812460476247
489,GSM_SV,16.0,6.0,0,1.2304489213782739,0.8450980400142568
490,GSM_Rephrased,110.0,110.0,10,2.0453229787866576,2.0453229787866576
491,GSM_AnsAug,10.0,10.0,10,1.0413926851582251,1.0413926851582251
492,GSM_FOBAR,325.0,12.0,0,2.513217600067939,1.1139433523068367
493,GSM_Rephrased,6.0,6.0,10,0.8450980400142568,0.8450980400142568
494,GSM_AnsAug,20.0,9.0,0,1.3222192947339193,1.0
495,GSM_Rephrased,752.0,752.0,10,2.8767949762007006,2.8767949762007006
496,MATH_AnsAug,8.0,8.0,10,0.9542425094393249,0.9542425094393249
497,GSM_AnsAug,24960.0,24960.0,10,4.397261980280511,4.397261980280511
498,GSM_FOBAR,4.0,3.0,1,0.6989700043360189,0.6020599913279624
499,MATH_AnsAug,194.0,194.0,10,2.290034611362518,2.290034611362518
500,GSM_AnsAug,28.0,28.0,10,1.462397997898956,1.462397997898956
501,GSM_AnsAug,50.0,50.0,10,1.7075701760979363,1.7075701760979363
502,GSM_Rephrased,4.0,4.0,10,0.6989700043360189,0.6989700043360189
503,MATH_AnsAug,942.4777960769379,942.478,10,2.9747316838812026,2.9747317777494966
504,MATH_AnsAug,1.7320508075688772,1.73205,10,0.4364887715986703,0.43648864322523084
505,GSM_FOBAR,60.0,200.0,0,1.7853298350107671,2.303196057420489
506,GSM_Rephrased,2.0,2.0,10,0.47712125471966244,0.47712125471966244
507,GSM_AnsAug,66.0,40.0,1,1.8260748027008264,1.6127838567197355
508,GSM_SV,28.0,10.0,0,1.462397997898956,1.0413926851582251
509,GSM_Rephrased,14.0,14.0,10,1.1760912590556813,1.1760912590556813
510,MATH_FOBAR,1.0,0.0,0,0.3010299956639812,0.0
511,MATH_FOBAR,1.0,2.0,0,0.3010299956639812,0.47712125471966244
512,GSM_SV,5.0,30.0,0,0.7781512503836436,1.4913616938342726
514,GSM_FOBAR,200.0,200.0,10,2.303196057420489,2.303196057420489
515,MATH_AnsAug,5.0,5.0,10,0.7781512503836436,0.7781512503836436
516,GSM_AnsAug,51.0,51.0,10,1.7160033436347992,1.7160033436347992
517,GSM_Rephrased,160.0,160.0,10,2.2068258760318495,2.2068258760318495
518,GSM_AnsAug,118.0,12.0,0,2.0755469613925306,1.1139433523068367
519,MATH_AnsAug,50.0,50.0,10,1.7075701760979363,1.7075701760979363
520,GSM_AnsAug,49.0,49.0,10,1.6989700043360187,1.6989700043360187
521,MATH_FOBAR,7.0,7.0,10,0.9030899869919435,0.9030899869919435
522,GSM_Rephrased,15.0,15.0,10,1.2041199826559248,1.2041199826559248
523,GSM_Rephrased,49.0,49.0,10,1.6989700043360187,1.6989700043360187
524,GSM_SV,40.0,30.0,1,1.6127838567197355,1.4913616938342726
525,GSM_Rephrased,22.0,2.0,0,1.3617278360175928,0.47712125471966244
526,GSM_Rephrased,13.0,13.0,10,1.146128035678238,1.146128035678238
527,GSM_AnsAug,5.0,5.0,10,0.7781512503836436,0.7781512503836436
528,GSM_SV,16.0,2.0,0,1.2304489213782739,0.47712125471966244
529,MATH_Rephrased,60.0,60.0,10,1.7853298350107671,1.7853298350107671
530,GSM_AnsAug,2.0,6.0,0,0.47712125471966244,0.8450980400142568
531,GSM_AnsAug,3.0,3.0,10,0.6020599913279624,0.6020599913279624
532,MATH_AnsAug,4.0,4.0,10,0.6989700043360189,0.6989700043360189
534,MATH_AnsAug,25.0,10.0,0,1.414973347970818,1.0413926851582251
535,GSM_AnsAug,100000.0,12000.0,0,5.000004342923105,4.079217435746567
536,MATH_FOBAR,3.0,2.0,1,0.6020599913279624,0.47712125471966244
537,GSM_FOBAR,6.0,8.0,1,0.8450980400142568,0.9542425094393249
538,GSM_Rephrased,14.0,14.0,10,1.1760912590556813,1.1760912590556813
539,GSM_AnsAug,20000.0,20000.0,10,4.301051709845226,4.301051709845226
540,GSM_Rephrased,120.0,120.0,10,2.0827853703164503,2.0827853703164503
541,MATH_Rephrased,15.0,15.0,10,1.2041199826559248,1.2041199826559248
543,MATH_AnsAug,2.0,2.0,10,0.47712125471966244,0.47712125471966244
544,GSM_AnsAug,201.0,201.0,10,2.305351369446624,2.305351369446624
545,GSM_SV,4.0,4.0,10,0.6989700043360189,0.6989700043360189
546,MATH_AnsAug,140.0,12.0,0,2.1492191126553797,1.1139433523068367
547,GSM_SV,10.0,12.0,1,1.0413926851582251,1.1139433523068367
548,GSM_Rephrased,4.0,4.0,10,0.6989700043360189,0.6989700043360189
549,MATH_Rephrased,0.4,0.4,10,0.146128035678238,0.146128035678238
550,GSM_Rephrased,30.0,30.0,10,1.4913616938342726,1.4913616938342726
551,GSM_FOBAR,3.0,15.0,0,0.6020599913279624,1.2041199826559248
552,MATH_AnsAug,2.0,2.0,10,0.47712125471966244,0.47712125471966244
553,GSM_SV,1.5,3.0,0,0.3979400086720376,0.6020599913279624
554,GSM_Rephrased,550.0,550.0,10,2.741151598851785,2.741151598851785
555,MATH_AnsAug,289.0,448.0,0,2.462397997898956,2.6522463410033232
556,GSM_SV,12.0,12.0,10,1.1139433523068367,1.1139433523068367
557,GSM_SV,7.0,12.0,0,0.9030899869919435,1.1139433523068367
558,GSM_Rephrased,10.0,10.0,10,1.0413926851582251,1.0413926851582251
559,MATH_Rephrased,-1.5707963267948966,0.0,0,-0.4100676707101817,0.0
560,MATH_AnsAug,120.0,120.0,10,2.0827853703164503,2.0827853703164503
561,GSM_AnsAug,3.0,3.0,10,0.6020599913279624,0.6020599913279624
562,MATH_Rephrased,192.0,192.0,10,2.285557309007774,2.285557309007774
563,GSM_AnsAug,1500.0,1500.0,10,3.1763806922432702,3.1763806922432702
564,MATH_AnsAug,36.0,36.0,10,1.568201724066995,1.568201724066995
565,GSM_AnsAug,450.0,450.0,10,2.6541765418779604,2.6541765418779604
566,GSM_AnsAug,90.0,102.0,1,1.9590413923210936,2.012837224705172
567,MATH_AnsAug,3.0,3.0,10,0.6020599913279624,0.6020599913279624
568,GSM_AnsAug,2.0,8.0,0,0.47712125471966244,0.9542425094393249
569,GSM_FOBAR,13.0,35.0,0,1.146128035678238,1.5563025007672873
570,MATH_Rephrased,3.0,3.0,10,0.6020599913279624,0.6020599913279624
571,MATH_Rephrased,8.0,7.0,1,0.9542425094393249,0.9030899869919435
572,MATH_AnsAug,117.0,100.0,1,2.0718820073061255,2.0043213737826426
573,GSM_AnsAug,3.0,3.0,10,0.6020599913279624,0.6020599913279624
574,GSM_SV,3.0,3.0,10,0.6020599913279624,0.6020599913279624
575,MATH_AnsAug,10.0,10.0,10,1.0413926851582251,1.0413926851582251
576,GSM_AnsAug,180.0,108.0,1,2.2576785748691846,2.037426497940624
577,GSM_AnsAug,82.0,82.0,10,1.919078092376074,1.919078092376074
578,MATH_AnsAug,6.0,6.0,10,0.8450980400142568,0.8450980400142568
579,GSM_FOBAR,2.0,4.0,0,0.47712125471966244,0.6989700043360189
580,MATH_AnsAug,7.0,35.0,0,0.9030899869919435,1.5563025007672873
581,GSM_SV,2.0,8.0,0,0.47712125471966244,0.9542425094393249
582,GSM_Rephrased,240.0,240.0,10,2.3820170425748683,2.3820170425748683
584,GSM_FOBAR,80.0,2.5,0,1.9084850188786497,0.5440680443502757
585,GSM_AnsAug,6.0,6.0,10,0.8450980400142568,0.8450980400142568
586,MATH_Rephrased,64.0,64.0,10,1.8129133566428555,1.8129133566428555
587,GSM_Rephrased,500.0,500.0,10,2.699837725867246,2.699837725867246
588,GSM_FOBAR,2.0,29.0,0,0.47712125471966244,1.4771212547196624
589,GSM_Rephrased,50.0,50.0,10,1.7075701760979363,1.7075701760979363
590,GSM_SV,1.6,20.0,0,0.414973347970818,1.3222192947339193
591,GSM_Rephrased,600.0,600.0,10,2.7788744720027396,2.7788744720027396
592,GSM_Rephrased,4248.0,4248.0,10,3.6282867310895144,3.6282867310895144
594,GSM_AnsAug,6.0,6.0,10,0.8450980400142568,0.8450980400142568
595,GSM_Rephrased,285.0,285.0,10,2.456366033129043,2.456366033129043
596,MATH_AnsAug,17.0,17.0,10,1.255272505103306,1.255272505103306
597,GSM_FOBAR,2.0,4.0,0,0.47712125471966244,0.6989700043360189
598,MATH_Rephrased,216.0,216.0,10,2.3364597338485296,2.3364597338485296
599,GSM_Rephrased,72.0,72.0,10,1.863322860120456,1.863322860120456
600,MATH_AnsAug,608.0,11120.0,0,2.784617292632875,4.0461438407492265
601,GSM_SV,4.0,4.0,10,0.6989700043360189,0.6989700043360189
602,MATH_Rephrased,9.0,9.0,10,1.0,1.0
603,GSM_SV,60.0,60.0,10,1.7853298350107671,1.7853298350107671
604,MATH_SV,220.0,25.0,0,2.3443922736851106,1.414973347970818
605,MATH_AnsAug,2.5,2.5,10,0.5440680443502757,0.5440680443502757
606,MATH_Rephrased,1000.0,1000.0,10,3.000434077479319,3.000434077479319
607,GSM_AnsAug,12.0,12.0,10,1.1139433523068367,1.1139433523068367
608,MATH_Rephrased,2838.0,2838.0,10,3.4531653925258574,3.4531653925258574
609,GSM_SV,2.0,2.0,10,0.47712125471966244,0.47712125471966244
610,GSM_AnsAug,250.0,250.0,10,2.399673721481038,2.399673721481038
611,GSM_AnsAug,36.0,36.0,10,1.568201724066995,1.568201724066995
612,GSM_Rephrased,50.0,50.0,10,1.7075701760979363,1.7075701760979363
613,GSM_Rephrased,56.0,56.0,10,1.7558748556724915,1.7558748556724915
614,MATH_Rephrased,0.2222222222222222,0.222222,10,0.0871501757189002,0.08715009675625988
615,GSM_Rephrased,2.0,2.0,10,0.47712125471966244,0.47712125471966244
616,GSM_Rephrased,80.0,80.0,10,1.9084850188786497,1.9084850188786497
617,GSM_FOBAR,14.0,200.0,0,1.1760912590556813,2.303196057420489
618,GSM_SV,55.0,55.0,10,1.7481880270062005,1.7481880270062005
619,GSM_FOBAR,2.0,2.0,10,0.47712125471966244,0.47712125471966244
620,MATH_AnsAug,13.0,13.0,10,1.146128035678238,1.146128035678238
621,GSM_AnsAug,5.0,20.0,0,0.7781512503836436,1.3222192947339193
622,GSM_SV,250.0,250.0,10,2.399673721481038,2.399673721481038
623,GSM_AnsAug,16.0,16.0,10,1.2304489213782739,1.2304489213782739
624,MATH_FOBAR,270.0,245.0,5,2.432969290874406,2.3909351071033793
625,GSM_SV,3.0,3.0,10,0.6020599913279624,0.6020599913279624
626,MATH_AnsAug,145.0,145.0,10,2.164352855784437,2.164352855784437
627,GSM_SV,25.0,33.0,1,1.414973347970818,1.5314789170422551
628,MATH_AnsAug,19.0,19.0,10,1.3010299956639813,1.3010299956639813
629,MATH_Rephrased,74.0,74.0,10,1.8750612633917,1.8750612633917
630,GSM_SV,3.0,1.0,0,0.6020599913279624,0.3010299956639812
631,MATH_Rephrased,-4.0,-4.0,10,-0.6989700043360189,-0.6989700043360189
632,MATH_AnsAug,-2.0,-2.0,10,-0.47712125471966244,-0.47712125471966244
633,GSM_SV,300.0,400.0,1,2.4785664955938436,2.603144372620182
634,MATH_FOBAR,16.0,16.0,10,1.2304489213782739,1.2304489213782739
635,GSM_AnsAug,5.0,5.0,10,0.7781512503836436,0.7781512503836436
636,MATH_Rephrased,0.45,0.45,10,0.16136800223497488,0.16136800223497488
637,MATH_Rephrased,144.0,144.0,10,2.161368002234975,2.161368002234975
638,GSM_SV,66.0,18.0,0,1.8260748027008264,1.2787536009528289
639,MATH_AnsAug,0.125,0.125,10,0.05115252244738129,0.05115252244738129
640,MATH_AnsAug,5.0,5.0,10,0.7781512503836436,0.7781512503836436
641,GSM_FOBAR,18.0,2.0,0,1.2787536009528289,0.47712125471966244
642,GSM_Rephrased,150.0,150.0,10,2.1789769472931693,2.1789769472931693
643,GSM_SV,3.0,3.0,10,0.6020599913279624,0.6020599913279624
644,GSM_FOBAR,2.0,5.0,0,0.47712125471966244,0.7781512503836436
645,GSM_Rephrased,31.0,31.0,10,1.505149978319906,1.505149978319906
646,GSM_Rephrased,11.0,11.0,10,1.0791812460476249,1.0791812460476249
647,MATH_SV,100.0,1.0,0,2.0043213737826426,0.3010299956639812
648,GSM_FOBAR,6.0,2.0,0,0.8450980400142568,0.47712125471966244
649,GSM_FOBAR,200.0,12.0,0,2.303196057420489,1.1139433523068367
650,MATH_FOBAR,3.0,3.0,10,0.6020599913279624,0.6020599913279624
651,GSM_Rephrased,220.0,220.0,10,2.3443922736851106,2.3443922736851106
652,GSM_FOBAR,20.0,20.0,10,1.3222192947339193,1.3222192947339193
653,GSM_Rephrased,80.0,80.0,10,1.9084850188786497,1.9084850188786497
654,GSM_AnsAug,8.0,6.0,1,0.9542425094393249,0.8450980400142568
655,MATH_SV,1.0,2.0,0,0.3010299956639812,0.47712125471966244
656,MATH_AnsAug,-6.25,-6.25,10,-0.8603380065709937,-0.8603380065709937
657,MATH_Rephrased,120.0,120.0,10,2.0827853703164503,2.0827853703164503
658,GSM_FOBAR,20.0,200.0,0,1.3222192947339193,2.303196057420489
659,GSM_AnsAug,25.0,25.0,10,1.414973347970818,1.414973347970818
660,GSM_AnsAug,36.0,36.0,10,1.568201724066995,1.568201724066995
661,MATH_Rephrased,0.75,0.75,10,0.24303804868629444,0.24303804868629444
662,GSM_AnsAug,4.0,30.0,0,0.6989700043360189,1.4913616938342726
663,MATH_FOBAR,2.0,2.0,10,0.47712125471966244,0.47712125471966244
664,GSM_AnsAug,120.0,150.0,1,2.0827853703164503,2.1789769472931693
665,GSM_AnsAug,12.0,3.0,0,1.1139433523068367,0.6020599913279624
666,GSM_Rephrased,256.0,256.0,10,2.4099331233312946,2.4099331233312946
667,GSM_FOBAR,20.0,20.0,10,1.3222192947339193,1.3222192947339193
668,MATH_Rephrased,0.020833333333333332,0.0208333,10,0.008954842652926412,0.008954828471881927
669,GSM_FOBAR,6.0,6.0,10,0.8450980400142568,0.8450980400142568
670,MATH_AnsAug,-4.0,-4.0,10,-0.6989700043360189,-0.6989700043360189
671,GSM_AnsAug,49.0,62.0,1,1.6989700043360187,1.7993405494535817
672,GSM_Rephrased,49.0,49.0,10,1.6989700043360187,1.6989700043360187
673,MATH_SV,1.0,1.0,10,0.3010299956639812,0.3010299956639812
674,GSM_AnsAug,60.0,60.0,10,1.7853298350107671,1.7853298350107671
675,GSM_SV,20.0,20.0,10,1.3222192947339193,1.3222192947339193
676,MATH_Rephrased,25.0,25.0,10,1.414973347970818,1.414973347970818
677,MATH_Rephrased,-5.0,-5.0,10,-0.7781512503836436,-0.7781512503836436
678,GSM_Rephrased,2.0,2.0,10,0.47712125471966244,0.47712125471966244
680,MATH_Rephrased,135.0,120.0,1,2.1335389083702174,2.0827853703164503
681,MATH_Rephrased,-665.0,-665.0,10,-2.823474229170301,-2.823474229170301
682,GSM_Rephrased,32139.0,32139.0,10,4.507045872427326,4.507045872427326
683,GSM_Rephrased,83.0,83.0,10,1.9242792860618816,1.9242792860618816
684,GSM_Rephrased,1700.0,1700.0,10,3.230704313612569,3.230704313612569
685,GSM_Rephrased,30.0,30.0,10,1.4913616938342726,1.4913616938342726
686,GSM_FOBAR,8.0,10.0,1,0.9542425094393249,1.0413926851582251
687,GSM_Rephrased,132.0,132.0,10,2.123851640967086,2.123851640967086
688,GSM_FOBAR,2.0,15.0,0,0.47712125471966244,1.2041199826559248
689,MATH_FOBAR,8.0,8.0,10,0.9542425094393249,0.9542425094393249
690,GSM_Rephrased,24500.0,24500.0,10,4.389183810308165,4.389183810308165
691,GSM_Rephrased,565.0,565.0,10,2.7528164311882715,2.7528164311882715
692,MATH_AnsAug,92378.0,92378.0,10,4.965573256710782,4.965573256710782
693,GSM_AnsAug,260.0,260.0,10,2.416640507338281,2.416640507338281
694,GSM_SV,3.0,14.0,0,0.6020599913279624,1.1760912590556813
695,MATH_AnsAug,1.0,1.0,10,0.3010299956639812,0.3010299956639812
696,GSM_SV,55.0,60.0,5,1.7481880270062005,1.7853298350107671
697,MATH_AnsAug,1000.0,600.0,1,3.000434077479319,2.7788744720027396
698,MATH_Rephrased,6.0,6.0,10,0.8450980400142568,0.8450980400142568
699,GSM_AnsAug,18.0,4.0,0,1.2787536009528289,0.6989700043360189
700,GSM_FOBAR,6.0,5.0,1,0.8450980400142568,0.7781512503836436
701,GSM_Rephrased,49.0,49.0,10,1.6989700043360187,1.6989700043360187
702,GSM_FOBAR,2.0,3.0,1,0.47712125471966244,0.6020599913279624
703,GSM_Rephrased,168.0,168.0,10,2.2278867046136734,2.2278867046136734
705,GSM_Rephrased,2.0,2.0,10,0.47712125471966244,0.47712125471966244
706,GSM_FOBAR,3.0,3.0,10,0.6020599913279624,0.6020599913279624
707,MATH_AnsAug,3.0,3.0,10,0.6020599913279624,0.6020599913279624
708,GSM_Rephrased,250.0,250.0,10,2.399673721481038,2.399673721481038
709,GSM_Rephrased,130.0,130.0,10,2.1172712956557644,2.1172712956557644
710,MATH_Rephrased,0.8888888888888888,0.888889,10,0.27620641193894907,0.2762064374856825
711,GSM_AnsAug,102.0,102.0,10,2.012837224705172,2.012837224705172
712,MATH_AnsAug,-4.0,-4.0,10,-0.6989700043360189,-0.6989700043360189
713,GSM_SV,60.0,15.0,0,1.7853298350107671,1.2041199826559248
714,GSM_AnsAug,5.0,5.0,10,0.7781512503836436,0.7781512503836436
715,MATH_AnsAug,2.0,2.0,10,0.47712125471966244,0.47712125471966244
716,GSM_AnsAug,10000.0,10000.0,10,4.000043427276863,4.000043427276863
717,MATH_AnsAug,-1.8,3.0,0,-0.4471580313422192,0.6020599913279624
719,GSM_FOBAR,9.0,6.0,1,1.0,0.8450980400142568
720,GSM_Rephrased,50.0,50.0,10,1.7075701760979363,1.7075701760979363
722,GSM_AnsAug,96.0,96.0,10,1.9867717342662448,1.9867717342662448
723,MATH_FOBAR,2.0,8.0,0,0.47712125471966244,0.9542425094393249
724,GSM_FOBAR,4.0,4.0,10,0.6989700043360189,0.6989700043360189
725,GSM_Rephrased,20.0,20.0,10,1.3222192947339193,1.3222192947339193
726,GSM_FOBAR,18.0,18.0,10,1.2787536009528289,1.2787536009528289
727,GSM_SV,20.0,50.0,0,1.3222192947339193,1.7075701760979363
728,GSM_SV,2.0,2.0,10,0.47712125471966244,0.47712125471966244
729,GSM_Rephrased,96.0,96.0,10,1.9867717342662448,1.9867717342662448
730,GSM_SV,4.0,4.0,10,0.6989700043360189,0.6989700043360189
731,GSM_SV,6.0,6.0,10,0.8450980400142568,0.8450980400142568
732,MATH_SV,95.0,95.0,10,1.9822712330395684,1.9822712330395684
733,GSM_SV,10.0,1.0,0,1.0413926851582251,0.3010299956639812
734,MATH_Rephrased,31.0,31.0,10,1.505149978319906,1.505149978319906
735,GSM_Rephrased,2250.0,80.0,0,3.35237549500052,1.9084850188786497
736,MATH_SV,3.0,3.0,10,0.6020599913279624,0.6020599913279624
737,MATH_AnsAug,11.0,11.0,10,1.0791812460476249,1.0791812460476249
738,GSM_AnsAug,525.0,525.0,10,2.7209857441537393,2.7209857441537393
739,GSM_Rephrased,2000.0,2000.0,10,3.3012470886362113,3.3012470886362113
740,MATH_Rephrased,-665.0,-665.0,10,-2.823474229170301,-2.823474229170301
741,MATH_AnsAug,15.0,15.0,10,1.2041199826559248,1.2041199826559248
742,GSM_AnsAug,4.0,4.0,10,0.6989700043360189,0.6989700043360189
743,MATH_AnsAug,26.0,26.0,10,1.4313637641589874,1.4313637641589874
744,GSM_Rephrased,400.0,400.0,10,2.603144372620182,2.603144372620182
745,GSM_AnsAug,4.0,4.0,10,0.6989700043360189,0.6989700043360189
746,GSM_AnsAug,54.0,54.0,10,1.7403626894942439,1.7403626894942439
747,GSM_SV,200.0,200.0,10,2.303196057420489,2.303196057420489
748,MATH_AnsAug,79.0,1.0,0,1.9030899869919435,0.3010299956639812
749,GSM_FOBAR,5.0,20.0,0,0.7781512503836436,1.3222192947339193
750,GSM_AnsAug,274.0,274.0,10,2.439332693830263,2.439332693830263
751,GSM_Rephrased,18.0,18.0,10,1.2787536009528289,1.2787536009528289
752,MATH_FOBAR,4.0,3.0,1,0.6989700043360189,0.6020599913279624
754,MATH_Rephrased,-2.0,-2.0,10,-0.47712125471966244,-0.47712125471966244
755,GSM_AnsAug,20.0,20.0,10,1.3222192947339193,1.3222192947339193
756,MATH_Rephrased,49.0,7.0,0,1.6989700043360187,0.9030899869919435
757,MATH_AnsAug,6.0,-12.0,0,0.8450980400142568,-1.1139433523068367
758,GSM_FOBAR,2.0,3.0,1,0.47712125471966244,0.6020599913279624
759,MATH_FOBAR,0.0,0.0,10,0.0,0.0
760,MATH_AnsAug,12.0,12.0,10,1.1139433523068367,1.1139433523068367
761,GSM_Rephrased,5.0,5.0,10,0.7781512503836436,0.7781512503836436
762,MATH_AnsAug,4.0,4.0,10,0.6989700043360189,0.6989700043360189
763,MATH_Rephrased,2.0,2.0,10,0.47712125471966244,0.47712125471966244
764,MATH_AnsAug,8.0,8.0,10,0.9542425094393249,0.9542425094393249
765,GSM_AnsAug,80.0,80.0,10,1.9084850188786497,1.9084850188786497
766,GSM_Rephrased,20.0,20.0,10,1.3222192947339193,1.3222192947339193
767,GSM_AnsAug,56.0,56.0,10,1.7558748556724915,1.7558748556724915
768,GSM_FOBAR,6.0,8.0,1,0.8450980400142568,0.9542425094393249
769,MATH_AnsAug,9.0,9.0,10,1.0,1.0
770,GSM_AnsAug,12.0,12.0,10,1.1139433523068367,1.1139433523068367
771,GSM_Rephrased,91.0,91.0,10,1.9637878273455553,1.9637878273455553
772,GSM_Rephrased,24.0,24.0,10,1.3979400086720377,1.3979400086720377
773,GSM_Rephrased,800.0,800.0,10,2.9036325160842376,2.9036325160842376
774,GSM_FOBAR,400.0,3.0,0,2.603144372620182,0.6020599913279624
775,GSM_AnsAug,64.0,64.0,10,1.8129133566428555,1.8129133566428555
776,MATH_Rephrased,24.0,24.0,10,1.3979400086720377,1.3979400086720377
777,MATH_Rephrased,3.0,3.0,10,0.6020599913279624,0.6020599913279624
778,GSM_FOBAR,16.0,18.0,1,1.2304489213782739,1.2787536009528289
779,GSM_FOBAR,125000.0,307000.0,0,5.096913487350014,5.487139790114889
780,GSM_Rephrased,18.0,18.0,10,1.2787536009528289,1.2787536009528289
781,GSM_AnsAug,3.0,3.0,10,0.6020599913279624,0.6020599913279624
782,GSM_AnsAug,44.0,44.0,10,1.6532125137753437,1.6532125137753437
783,GSM_AnsAug,12.0,12.0,10,1.1139433523068367,1.1139433523068367
784,MATH_Rephrased,222.22,222.22,10,2.3487331037982857,2.3487331037982857
785,GSM_AnsAug,350.0,350.0,10,2.545307116465824,2.545307116465824
786,GSM_AnsAug,5.0,6.0,1,0.7781512503836436,0.8450980400142568
787,GSM_Rephrased,113.0,113.0,10,2.0569048513364727,2.0569048513364727
788,GSM_Rephrased,45.0,45.0,10,1.662757831681574,1.662757831681574
789,GSM_AnsAug,16.0,22.0,1,1.2304489213782739,1.3617278360175928
790,GSM_FOBAR,50.0,50.0,10,1.7075701760979363,1.7075701760979363
791,GSM_Rephrased,9.0,9.0,10,1.0,1.0
792,GSM_FOBAR,2.0,2.0,10,0.47712125471966244,0.47712125471966244
793,MATH_FOBAR,10.0,16.0,0,1.0413926851582251,1.2304489213782739
794,GSM_Rephrased,60.0,60.0,10,1.7853298350107671,1.7853298350107671
795,GSM_Rephrased,225.0,225.0,10,2.3541084391474008,2.3541084391474008
796,MATH_FOBAR,1.0,2.0,0,0.3010299956639812,0.47712125471966244
797,MATH_Rephrased,144.0,144.0,10,2.161368002234975,2.161368002234975
798,GSM_AnsAug,27.0,27.0,10,1.4471580313422192,1.4471580313422192
799,GSM_SV,6.0,6.0,10,0.8450980400142568,0.8450980400142568
800,GSM_SV,12.0,12.0,10,1.1139433523068367,1.1139433523068367
801,MATH_Rephrased,1.0857142857142856,1.08571,10,0.3192548157701802,0.31925392338334163
802,GSM_AnsAug,92.0,92.0,10,1.968482948553935,1.968482948553935
803,GSM_Rephrased,4400.0,4400.0,10,3.643551368562945,3.643551368562945
804,MATH_Rephrased,3.0,3.0,10,0.6020599913279624,0.6020599913279624
805,MATH_AnsAug,8.0,8.0,10,0.9542425094393249,0.9542425094393249
806,GSM_AnsAug,14.0,14.0,10,1.1760912590556813,1.1760912590556813
807,GSM_AnsAug,72.0,5.0,0,1.863322860120456,0.7781512503836436
808,MATH_AnsAug,2.0,2.0,10,0.47712125471966244,0.47712125471966244
809,GSM_AnsAug,8.0,8.0,10,0.9542425094393249,0.9542425094393249
810,MATH_Rephrased,29.0,2.0,0,1.4771212547196624,0.47712125471966244
811,MATH_AnsAug,9.0,9.0,10,1.0,1.0
812,MATH_AnsAug,38.0,4.0,0,1.591064607026499,0.6989700043360189
813,GSM_AnsAug,39.0,39.0,10,1.6020599913279623,1.6020599913279623
814,GSM_SV,147.0,120.0,1,2.1702617153949575,2.0827853703164503
815,GSM_AnsAug,140.0,140.0,10,2.1492191126553797,2.1492191126553797
816,GSM_Rephrased,1056.0,1056.0,10,3.024074987307426,3.024074987307426
817,GSM_AnsAug,305.0,305.0,10,2.48572142648158,2.48572142648158
818,GSM_FOBAR,50.0,80.0,0,1.7075701760979363,1.9084850188786497
819,GSM_AnsAug,5.0,5.0,10,0.7781512503836436,0.7781512503836436
820,MATH_AnsAug,1.0,1.0,10,0.3010299956639812,0.3010299956639812
821,MATH_FOBAR,9.0,7.0,1,1.0,0.9030899869919435
822,GSM_AnsAug,10.0,12.0,1,1.0413926851582251,1.1139433523068367
823,MATH_FOBAR,111.11,111.11,10,2.0496443525693,2.0496443525693
824,MATH_Rephrased,4.47213595499958,4.47214,10,0.7381568788751847,0.7381571999053503
825,GSM_AnsAug,15.0,2.0,0,1.2041199826559248,0.47712125471966244
826,MATH_FOBAR,2.0,2.0,10,0.47712125471966244,0.47712125471966244
827,GSM_FOBAR,20.0,4.0,0,1.3222192947339193,0.6989700043360189
828,GSM_AnsAug,8.0,8.0,10,0.9542425094393249,0.9542425094393249
829,GSM_SV,1250.0,1250.0,10,3.09725730969342,3.09725730969342
830,GSM_Rephrased,5.0,5.0,10,0.7781512503836436,0.7781512503836436
831,GSM_SV,10.0,5.0,1,1.0413926851582251,0.7781512503836436
832,GSM_AnsAug,83.0,83.0,10,1.9242792860618816,1.9242792860618816
833,MATH_FOBAR,4.0,4.0,10,0.6989700043360189,0.6989700043360189
834,GSM_SV,4.0,23.0,0,0.6989700043360189,1.380211241711606
835,GSM_AnsAug,37.0,7.0,0,1.5797835966168101,0.9030899869919435
836,GSM_Rephrased,7.0,7.0,10,0.9030899869919435,0.9030899869919435
837,GSM_FOBAR,1.0,1.0,10,0.3010299956639812,0.3010299956639812
838,GSM_SV,8.0,8.0,10,0.9542425094393249,0.9542425094393249
839,MATH_AnsAug,15.0,15.0,10,1.2041199826559248,1.2041199826559248
840,GSM_SV,20.0,20.0,10,1.3222192947339193,1.3222192947339193
841,GSM_AnsAug,60.0,15.0,0,1.7853298350107671,1.2041199826559248
842,MATH_AnsAug,13.0,13.0,10,1.146128035678238,1.146128035678238
843,GSM_AnsAug,150.0,2.0,0,2.1789769472931693,0.47712125471966244
844,GSM_Rephrased,450.0,450.0,10,2.6541765418779604,2.6541765418779604
845,GSM_SV,2.0,2.0,10,0.47712125471966244,0.47712125471966244
846,GSM_FOBAR,2200.0,1000.0,0,3.342620042553348,3.000434077479319
847,MATH_Rephrased,4.166666666666667,4.16667,10,0.7132104434506291,0.713210723640527
848,GSM_FOBAR,55.0,20.0,0,1.7481880270062005,1.3222192947339193
849,GSM_SV,10.0,10.0,10,1.0413926851582251,1.0413926851582251
850,GSM_Rephrased,78.0,78.0,10,1.8976270912904414,1.8976270912904414
851,GSM_AnsAug,132.0,4.0,0,2.123851640967086,0.6989700043360189
852,MATH_AnsAug,150.0,150.0,10,2.1789769472931693,2.1789769472931693
853,MATH_SV,58.0,61.0,5,1.7708520116421442,1.792391689498254
854,GSM_FOBAR,4.0,4.0,10,0.6989700043360189,0.6989700043360189
855,GSM_Rephrased,650.0,650.0,10,2.813580988568192,2.813580988568192
856,GSM_AnsAug,5.0,5.0,10,0.7781512503836436,0.7781512503836436
857,GSM_Rephrased,90.0,90.0,10,1.9590413923210936,1.9590413923210936
858,GSM_Rephrased,14.0,14.0,10,1.1760912590556813,1.1760912590556813
859,GSM_SV,3.0,24.0,0,0.6020599913279624,1.3979400086720377
860,GSM_Rephrased,25.0,25.0,10,1.414973347970818,1.414973347970818
861,GSM_Rephrased,45.0,45.0,10,1.662757831681574,1.662757831681574
862,GSM_Rephrased,5.0,5.0,10,0.7781512503836436,0.7781512503836436
863,MATH_SV,2.0,1.0,1,0.47712125471966244,0.3010299956639812
864,GSM_SV,6.0,6.0,10,0.8450980400142568,0.8450980400142568
865,MATH_SV,20.0,20.0,10,1.3222192947339193,1.3222192947339193
866,MATH_Rephrased,4.0,4.0,10,0.6989700043360189,0.6989700043360189
867,MATH_AnsAug,144.0,144.0,10,2.161368002234975,2.161368002234975
868,GSM_AnsAug,7000.0,5000.0,1,3.8451600776519457,3.699056854547668
869,GSM_AnsAug,168.0,7.0,0,2.2278867046136734,0.9030899869919435
870,GSM_FOBAR,3.0,4.0,1,0.6020599913279624,0.6989700043360189
871,GSM_Rephrased,82.0,82.0,10,1.919078092376074,1.919078092376074
872,GSM_FOBAR,60.0,60.0,10,1.7853298350107671,1.7853298350107671
873,MATH_FOBAR,4.0,4.0,10,0.6989700043360189,0.6989700043360189
874,GSM_AnsAug,4.0,4.0,10,0.6989700043360189,0.6989700043360189
875,GSM_AnsAug,47.0,47.0,10,1.6812412373755872,1.6812412373755872
876,GSM_AnsAug,7.0,7.0,10,0.9030899869919435,0.9030899869919435
877,GSM_FOBAR,10.0,20.0,0,1.0413926851582251,1.3222192947339193
879,MATH_AnsAug,16.0,16.0,10,1.2304489213782739,1.2304489213782739
880,MATH_AnsAug,8.0,8.0,10,0.9542425094393249,0.9542425094393249
881,GSM_SV,8.0,3.0,0,0.9542425094393249,0.6020599913279624
882,GSM_FOBAR,3.0,4.0,1,0.6020599913279624,0.6989700043360189
883,GSM_FOBAR,2.0,35.0,0,0.47712125471966244,1.5563025007672873
884,GSM_FOBAR,150.0,150.0,10,2.1789769472931693,2.1789769472931693
885,GSM_FOBAR,5.0,10.0,0,0.7781512503836436,1.0413926851582251
886,MATH_AnsAug,3.0,1.0,0,0.6020599913279624,0.3010299956639812
887,MATH_AnsAug,0.875,0.875,10,0.27300127206373764,0.27300127206373764
888,GSM_AnsAug,480.0,480.0,10,2.682145076373832,2.682145076373832
889,GSM_SV,35.0,3.0,0,1.5563025007672873,0.6020599913279624
890,GSM_AnsAug,30.0,30.0,10,1.4913616938342726,1.4913616938342726
891,MATH_AnsAug,67.0,67.0,10,1.8325089127062364,1.8325089127062364
892,MATH_Rephrased,6.0,6.0,10,0.8450980400142568,0.8450980400142568
893,GSM_AnsAug,12.0,12.0,10,1.1139433523068367,1.1139433523068367
894,GSM_AnsAug,600.0,120.0,0,2.7788744720027396,2.0827853703164503
895,GSM_AnsAug,40.0,40.0,10,1.6127838567197355,1.6127838567197355
896,GSM_AnsAug,100.0,100.0,10,2.0043213737826426,2.0043213737826426
897,GSM_SV,150.0,150.0,10,2.1789769472931693,2.1789769472931693
898,MATH_FOBAR,4.0,2.0,1,0.6989700043360189,0.47712125471966244
899,GSM_Rephrased,2160.0,2160.0,10,3.3346547668832414,3.3346547668832414
900,MATH_AnsAug,667.0,667.0,10,2.824776462475546,2.824776462475546
901,MATH_FOBAR,8.0,4.0,1,0.9542425094393249,0.6989700043360189
902,MATH_SV,2.0,2.0,10,0.47712125471966244,0.47712125471966244
903,MATH_AnsAug,18.84955592153876,5.75,0,1.2977507950798597,0.829303772831025
904,MATH_FOBAR,7.0,7.0,10,0.9030899869919435,0.9030899869919435
905,MATH_Rephrased,1.05,1.05,10,0.31175386105575426,0.31175386105575426
906,MATH_SV,80.0,80.0,10,1.9084850188786497,1.9084850188786497
907,MATH_AnsAug,13.0,13.0,10,1.146128035678238,1.146128035678238
908,GSM_SV,5.0,3.0,1,0.7781512503836436,0.6020599913279624
909,GSM_AnsAug,285.0,285.0,10,2.456366033129043,2.456366033129043
910,GSM_Rephrased,38.0,38.0,10,1.591064607026499,1.591064607026499
911,MATH_AnsAug,6.0,6.0,10,0.8450980400142568,0.8450980400142568
912,MATH_SV,4.0,4.0,10,0.6989700043360189,0.6989700043360189
913,MATH_FOBAR,30.0,6.0,0,1.4913616938342726,0.8450980400142568
914,GSM_AnsAug,525.0,525.0,10,2.7209857441537393,2.7209857441537393
915,GSM_SV,6.0,6.0,10,0.8450980400142568,0.8450980400142568
916,MATH_Rephrased,12.0,12.0,10,1.1139433523068367,1.1139433523068367
917,GSM_Rephrased,2.0,2.0,10,0.47712125471966244,0.47712125471966244
918,MATH_FOBAR,0.0,0.0,10,0.0,0.0
919,GSM_Rephrased,87.0,87.0,10,1.9444826721501687,1.9444826721501687
920,GSM_SV,6.0,25.0,0,0.8450980400142568,1.414973347970818
921,GSM_FOBAR,8.0,90.0,0,0.9542425094393249,1.9590413923210936
922,GSM_FOBAR,8.0,8.0,10,0.9542425094393249,0.9542425094393249
923,GSM_AnsAug,42.0,16.0,0,1.6334684555795864,1.2304489213782739
924,GSM_AnsAug,45.0,12.0,0,1.662757831681574,1.1139433523068367
925,GSM_Rephrased,16.0,16.0,10,1.2304489213782739,1.2304489213782739
926,GSM_Rephrased,22.0,2.0,0,1.3617278360175928,0.47712125471966244
927,GSM_AnsAug,6.0,6.0,10,0.8450980400142568,0.8450980400142568
928,GSM_Rephrased,4582.0,4582.0,10,3.6611498572447867,3.6611498572447867
929,MATH_AnsAug,36.0,36.0,10,1.568201724066995,1.568201724066995
930,GSM_FOBAR,3.0,3.0,10,0.6020599913279624,0.6020599913279624
931,MATH_SV,97.0,97.0,10,1.9912260756924949,1.9912260756924949
932,GSM_FOBAR,90.0,25.0,0,1.9590413923210936,1.414973347970818
933,GSM_FOBAR,9.0,8.0,1,1.0,0.9542425094393249
934,GSM_AnsAug,60.0,60.0,10,1.7853298350107671,1.7853298350107671
935,MATH_Rephrased,6.25,6.25,10,0.8603380065709937,0.8603380065709937
936,MATH_SV,8.0,8.0,10,0.9542425094393249,0.9542425094393249
937,GSM_Rephrased,3.0,3.0,10,0.6020599913279624,0.6020599913279624
938,GSM_Rephrased,56.0,56.0,10,1.7558748556724915,1.7558748556724915
939,MATH_AnsAug,150.0,150.0,10,2.1789769472931693,2.1789769472931693
940,MATH_AnsAug,8.0,8.0,10,0.9542425094393249,0.9542425094393249
941,MATH_AnsAug,35.0,35.0,10,1.5563025007672873,1.5563025007672873
942,MATH_AnsAug,1.0,1.0,10,0.3010299956639812,0.3010299956639812
943,GSM_Rephrased,165.0,165.0,10,2.220108088040055,2.220108088040055
944,MATH_FOBAR,0.0,0.0,10,0.0,0.0
945,GSM_Rephrased,6.0,6.0,10,0.8450980400142568,0.8450980400142568
946,GSM_AnsAug,240.0,240.0,10,2.3820170425748683,2.3820170425748683
947,GSM_Rephrased,34.0,34.0,10,1.5440680443502757,1.5440680443502757
948,GSM_SV,5.0,4.0,1,0.7781512503836436,0.6989700043360189
949,MATH_FOBAR,0.0,3.0,0,0.0,0.6020599913279624
950,GSM_AnsAug,40.0,40.0,10,1.6127838567197355,1.6127838567197355
951,GSM_AnsAug,3.0,3.0,10,0.6020599913279624,0.6020599913279624
952,GSM_AnsAug,1124.0,6.0,0,3.0511525224473814,0.8450980400142568
953,GSM_AnsAug,140.0,140.0,10,2.1492191126553797,2.1492191126553797
954,MATH_AnsAug,131.0,85.0,1,2.12057393120585,1.9344984512435677
955,MATH_Rephrased,3.0,3.0,10,0.6020599913279624,0.6020599913279624
956,GSM_SV,70.0,45.0,1,1.8512583487190752,1.662757831681574
957,MATH_AnsAug,96.0,40.0,0,1.9867717342662448,1.6127838567197355
958,GSM_Rephrased,210.0,210.0,10,2.3242824552976926,2.3242824552976926
959,MATH_AnsAug,9.0,0.5,0,1.0,0.17609125905568124
960,MATH_SV,3.0,8.0,0,0.6020599913279624,0.9542425094393249
961,GSM_Rephrased,70.0,70.0,10,1.8512583487190752,1.8512583487190752
962,MATH_AnsAug,6.0,6.0,10,0.8450980400142568,0.8450980400142568
963,GSM_AnsAug,2.0,2.0,10,0.47712125471966244,0.47712125471966244
965,MATH_AnsAug,-8.0,-8.0,10,-0.9542425094393249,-0.9542425094393249
966,MATH_Rephrased,30.0,30.0,10,1.4913616938342726,1.4913616938342726
968,MATH_AnsAug,12.0,12.0,10,1.1139433523068367,1.1139433523068367
969,GSM_SV,6.0,6.0,10,0.8450980400142568,0.8450980400142568
970,MATH_AnsAug,3967149.0,3967149.0,10,6.59847862168431,6.59847862168431
971,MATH_Rephrased,3.0,3.0,10,0.6020599913279624,0.6020599913279624
972,GSM_Rephrased,1840.0,1840.0,10,3.2650537885040145,3.2650537885040145
973,GSM_Rephrased,61.0,61.0,10,1.792391689498254,1.792391689498254
975,MATH_Rephrased,20.0,20.0,10,1.3222192947339193,1.3222192947339193
976,MATH_FOBAR,92.0,92.0,10,1.968482948553935,1.968482948553935
977,MATH_Rephrased,80.0,80.0,10,1.9084850188786497,1.9084850188786497
978,GSM_AnsAug,29.0,477.0,0,1.4771212547196624,2.6794278966121188
979,MATH_AnsAug,54.4,5.0,0,1.7435097647284297,0.7781512503836436
980,GSM_Rephrased,14.0,14.0,10,1.1760912590556813,1.1760912590556813
981,GSM_SV,60.0,40.0,1,1.7853298350107671,1.6127838567197355
982,MATH_AnsAug,2.0,2.0,10,0.47712125471966244,0.47712125471966244
983,GSM_FOBAR,25.0,355.0,0,1.414973347970818,2.5514499979728753
984,GSM_FOBAR,24.0,24.0,10,1.3979400086720377,1.3979400086720377
985,GSM_FOBAR,2.0,3.0,1,0.47712125471966244,0.6020599913279624
986,GSM_Rephrased,15.0,15.0,10,1.2041199826559248,1.2041199826559248
987,MATH_Rephrased,84.0,84.0,10,1.9294189257142926,1.9294189257142926
988,GSM_SV,4.0,3.0,1,0.6989700043360189,0.6020599913279624
989,MATH_AnsAug,4.0,4.0,10,0.6989700043360189,0.6989700043360189
990,GSM_AnsAug,1.0,1.0,10,0.3010299956639812,0.3010299956639812
991,MATH_AnsAug,140.0,140.0,10,2.1492191126553797,2.1492191126553797
992,MATH_Rephrased,148.0,148.0,10,2.173186268412274,2.173186268412274
993,MATH_FOBAR,6.0,30.0,0,0.8450980400142568,1.4913616938342726
994,GSM_AnsAug,2.0,8.0,0,0.47712125471966244,0.9542425094393249
995,GSM_AnsAug,770.0,770.0,10,2.8870543780509568,2.8870543780509568
996,GSM_Rephrased,27.0,27.0,10,1.4471580313422192,1.4471580313422192
997,GSM_AnsAug,12.0,4.0,0,1.1139433523068367,0.6989700043360189
998,GSM_FOBAR,8.0,15.0,0,0.9542425094393249,1.2041199826559248
999,MATH_Rephrased,12.0,12.0,10,1.1139433523068367,1.1139433523068367
